year,name,no_education,id
1950,Afghanistan,97.79,AFG
1950,Albania,44.49,ALB
1950,Algeria,79.2,DZA
1950,Argentina,15.87,ARG
1950,Armenia,7.85,ARM
1950,Australia,1.31,AUS
1950,Austria,2.62,AUT
1950,Bahrain,89.22,BHR
1950,Bangladesh,78.88,BGD
1950,Barbados,1.81,BRB
1950,Belgium,2.51,BEL
1950,Belize,14.15,BLZ
1950,Benin,94.23,BEN
1950,Bolivia,72.69,BOL
1950,Botswana,72.86,BWA
1950,Brazil,65.3,BRA
1950,Brunei Darussalam,72.33,BRN
1950,Bulgaria,21.22,BGR
1950,Burundi,95.45,BDI
1950,Cambodia,94.18,KHM
1950,Cameroon,88.53,CMR
1950,Canada,2.4,CAN
1950,Central African Republic,92.2,CAF
1950,Chile,23.5,CHL
1950,China,86.84,CHN
1950,"China, Hong Kong Special Administrative Region",42.66,HKG
1950,"China, Macao Special Administrative Region",36.44,MAC
1950,Colombia,43.5,COL
1950,Congo,91.27,COG
1950,Costa Rica,21.2,CRI
1950,Cote dIvoire,91.88,CIV
1950,Croatia,34.56,HRV
1950,Cuba,26.4,CUB
1950,Cyprus,45.4,CYP
1950,Czech Republic,0.95,CZE
1950,Democratic Republic of the Congo,91.9,COD
1950,Denmark,1.93,DNK
1950,Dominican Rep.,43.43,DOM
1950,Ecuador,50.4,ECU
1950,Egypt,93.73,EGY
1950,El Salvador,66.8,SLV
1950,Estonia,14.44,EST
1950,Fiji,42.99,FJI
1950,Finland,0.8,FIN
1950,France,0.38,FRA
1950,Gabon,91.37,GAB
1950,Gambia,96.26,GMB
1950,Germany,10.25,DEU
1950,Ghana,87.53,GHA
1950,Greece,31.9,GRC
1950,Guatemala,72.3,GTM
1950,Guyana,22.71,GUY
1950,Haiti,90.9,HTI
1950,Honduras,63.11,HND
1950,Hungary,4.73,HUN
1950,Iceland,1.35,ISL
1950,India,77.28,IND
1950,Indonesia,82.85,IDN
1950,Iran (Islamic Republic of),95.07,IRN
1950,Iraq,98.17,IRQ
1950,Ireland,5.99,IRL
1950,Israel,20.83,ISR
1950,Italy,16.1,ITA
1950,Jamaica,21.64,JAM
1950,Japan,5.66,JPN
1950,Jordan,86.45,JOR
1950,Kazakhstan,50.36,KAZ
1950,Kenya,83.72,KEN
1950,Kuwait,74.19,KWT
1950,Kyrgyzstan,33.56,KGZ
1950,Lao People's Democratic Republic,83.3,LAO
1950,Latvia,9.92,LVA
1950,Lesotho,53.04,LSO
1950,Liberia,92.34,LBR
1950,Libyan Arab Jamahiriya,88.35,LBY
1950,Lithuania,45.35,LTU
1950,Luxembourg,59.6,LUX
1950,Malawi,71.49,MWI
1950,Malaysia,66.8,MYS
1950,Maldives,58.63,MDV
1950,Mali,97.97,MLI
1950,Malta,53.3,MLT
1950,Mauritania,71.13,MRT
1950,Mauritius,51.7,MUS
1950,Mexico,46.07,MEX
1950,Mongolia,87.42,MNG
1950,Morocco,96.78,MAR
1950,Mozambique,94.24,MOZ
1950,Myanmar,78.72,MMR
1950,Namibia,62.6,NAM
1950,Nepal,99.29,NPL
1950,Netherlands,2.81,NLD
1950,New Zealand,1.41,NZL
1950,Nicaragua,64.2,NIC
1950,Niger,92.74,NER
1950,Norway,1.65,NOR
1950,Pakistan,86.94,PAK
1950,Panama,36.5,PAN
1950,Papua New Guinea,94.49,PNG
1950,Paraguay,39.1,PRY
1950,Peru,49.05,PER
1950,Philippines,55.5,PHL
1950,Poland,13.82,POL
1950,Portugal,51.85,PRT
1950,Qatar,89.9,QAT
1950,Republic of Korea,33.93,KOR
1950,Republic of Moldova,57.32,ROM
1950,Reunion,51.26,REU
1950,Romania,17.15,ROU
1950,Russian Federation,25.05,RUS
1950,Rwanda,96.06,RWA
1950,Saudi Arabia,67.26,SAU
1950,Senegal,66.92,SEN
1950,Serbia,40.68,SER
1950,Sierra Leone,95.15,SLE
1950,Singapore,67.88,SGP
1950,Slovakia,0.9,SVK
1950,Slovenia,28.93,SVN
1950,South Africa,54.81,ZAF
1950,Spain,54.74,ESP
1950,Sri Lanka,41.9,LKA
1950,Sudan,93.03,SDN
1950,Swaziland,82.96,SWZ
1950,Sweden,2.34,SWE
1950,Switzerland,0.18,CHE
1950,Syrian Arab Republic,81.15,SYR
1950,Taiwan,53.82,TWN
1950,Tajikistan,52.65,TJK
1950,Thailand,65.78,THA
1950,Togo,94.21,TGO
1950,Tonga,17.18,TON
1950,Trinidad and Tobago,22.45,TTO
1950,Tunisia,92.54,TUN
1950,Turkey,83.1,TUR
1950,USA,2.6,USA
1950,Uganda,82.29,UGA
1950,Ukraine,20.58,UKR
1950,United Arab Emirates,93.79,ARE
1950,United Kingdom,2.33,GBR
1950,United Republic of Tanzania,73.43,TZA
1950,Uruguay,20.96,URY
1950,Venezuela,53.4,VEN
1950,Viet Nam,56.7,VNM
1950,Yemen,99.88,YEM
1950,Zambia,68.75,ZMB
1950,Zimbabwe,70.82,ZWE
1955,Afghanistan,96.98,AFG
1955,Albania,40.88,ALB
1955,Algeria,79.8,DZA
1955,Argentina,13.31,ARG
1955,Armenia,6.58,ARM
1955,Australia,1.17,AUS
1955,Austria,2.35,AUT
1955,Bahrain,88.09,BHR
1955,Bangladesh,78.83,BGD
1955,Barbados,1.6,BRB
1955,Belgium,2.26,BEL
1955,Belize,12.97,BLZ
1955,Benin,92.98,BEN
1955,Bolivia,68.64,BOL
1955,Botswana,72.82,BWA
1955,Brazil,61.34,BRA
1955,Brunei Darussalam,68.27,BRN
1955,Bulgaria,17.6,BGR
1955,Burundi,94.62,BDI
1955,Cambodia,89.43,KHM
1955,Cameroon,86.3,CMR
1955,Canada,2.02,CAN
1955,Central African Republic,91.55,CAF
1955,Chile,20.98,CHL
1955,China,78.19,CHN
1955,"China, Hong Kong Special Administrative Region",39.58,HKG
1955,"China, Macao Special Administrative Region",33.37,MAC
1955,Colombia,40.28,COL
1955,Congo,90.95,COG
1955,Costa Rica,21.46,CRI
1955,Cote dIvoire,91.77,CIV
1955,Croatia,30.48,HRV
1955,Cuba,24.3,CUB
1955,Cyprus,36.75,CYP
1955,Czech Republic,0.83,CZE
1955,Democratic Republic of the Congo,89.0,COD
1955,Denmark,2.4,DNK
1955,Dominican Rep.,43.41,DOM
1955,Ecuador,44.84,ECU
1955,Egypt,93.18,EGY
1955,El Salvador,63.61,SLV
1955,Estonia,12.72,EST
1955,Fiji,37.23,FJI
1955,Finland,0.71,FIN
1955,France,0.35,FRA
1955,Gabon,91.16,GAB
1955,Gambia,96.07,GMB
1955,Germany,0.41,DEU
1955,Ghana,86.81,GHA
1955,Greece,24.24,GRC
1955,Guatemala,71.58,GTM
1955,Guyana,17.67,GUY
1955,Haiti,89.76,HTI
1955,Honduras,61.87,HND
1955,Hungary,4.16,HUN
1955,Iceland,1.19,ISL
1955,India,75.86,IND
1955,Indonesia,79.37,IDN
1955,Iran (Islamic Republic of),93.6,IRN
1955,Iraq,97.8,IRQ
1955,Ireland,5.45,IRL
1955,Israel,20.03,ISR
1955,Italy,14.33,ITA
1955,Jamaica,20.06,JAM
1955,Japan,4.13,JPN
1955,Jordan,82.64,JOR
1955,Kazakhstan,41.7,KAZ
1955,Kenya,80.81,KEN
1955,Kuwait,66.97,KWT
1955,Kyrgyzstan,28.56,KGZ
1955,Lao People's Democratic Republic,80.88,LAO
1955,Latvia,7.62,LVA
1955,Lesotho,48.3,LSO
1955,Liberia,92.32,LBR
1955,Libyan Arab Jamahiriya,87.59,LBY
1955,Lithuania,37.84,LTU
1955,Luxembourg,50.15,LUX
1955,Malawi,70.35,MWI
1955,Malaysia,62.44,MYS
1955,Maldives,56.18,MDV
1955,Mali,97.59,MLI
1955,Malta,45.38,MLT
1955,Mauritania,68.97,MRT
1955,Mauritius,49.8,MUS
1955,Mexico,46.03,MEX
1955,Mongolia,80.37,MNG
1955,Morocco,95.87,MAR
1955,Mozambique,88.46,MOZ
1955,Myanmar,76.4,MMR
1955,Namibia,58.22,NAM
1955,Nepal,99.13,NPL
1955,Netherlands,2.52,NLD
1955,New Zealand,1.22,NZL
1955,Nicaragua,63.15,NIC
1955,Niger,91.96,NER
1955,Norway,1.84,NOR
1955,Pakistan,86.85,PAK
1955,Panama,33.28,PAN
1955,Papua New Guinea,92.81,PNG
1955,Paraguay,32.76,PRY
1955,Peru,45.24,PER
1955,Philippines,36.3,PHL
1955,Poland,10.89,POL
1955,Portugal,47.89,PRT
1955,Qatar,87.3,QAT
1955,Republic of Korea,29.7,KOR
1955,Republic of Moldova,51.34,ROM
1955,Reunion,57.5,REU
1955,Romania,14.1,ROU
1955,Russian Federation,12.48,RUS
1955,Rwanda,93.96,RWA
1955,Saudi Arabia,64.68,SAU
1955,Senegal,63.6,SEN
1955,Serbia,34.72,SER
1955,Sierra Leone,94.93,SLE
1955,Singapore,62.77,SGP
1955,Slovakia,0.79,SVK
1955,Slovenia,24.22,SVN
1955,South Africa,50.69,ZAF
1955,Spain,55.95,ESP
1955,Sri Lanka,38.65,LKA
1955,Sudan,91.6,SDN
1955,Swaziland,80.5,SWZ
1955,Sweden,0.73,SWE
1955,Switzerland,0.18,CHE
1955,Syrian Arab Republic,78.41,SYR
1955,Taiwan,47.48,TWN
1955,Tajikistan,46.11,TJK
1955,Thailand,56.27,THA
1955,Togo,93.18,TGO
1955,Tonga,15.37,TON
1955,Trinidad and Tobago,17.3,TTO
1955,Tunisia,91.78,TUN
1955,Turkey,76.42,TUR
1955,USA,2.51,USA
1955,Uganda,79.6,UGA
1955,Ukraine,17.26,UKR
1955,United Arab Emirates,91.37,ARE
1955,United Kingdom,2.38,GBR
1955,United Republic of Tanzania,72.71,TZA
1955,Uruguay,18.16,URY
1955,Venezuela,50.14,VEN
1955,Viet Nam,55.37,VNM
1955,Yemen,99.88,YEM
1955,Zambia,63.37,ZMB
1955,Zimbabwe,64.18,ZWE
1960,Afghanistan,96.28,AFG
1960,Albania,55.91,ALB
1960,Algeria,84.56,DZA
1960,Argentina,12.0,ARG
1960,Armenia,5.62,ARM
1960,Australia,1.05,AUS
1960,Austria,2.12,AUT
1960,Bahrain,87.05,BHR
1960,Bangladesh,78.8,BGD
1960,Barbados,1.4,BRB
1960,Belgium,2.0,BEL
1960,Belize,12.43,BLZ
1960,Benin,91.82,BEN
1960,Bolivia,62.77,BOL
1960,Botswana,72.79,BWA
1960,Brazil,56.09,BRA
1960,Brunei Darussalam,64.0,BRN
1960,Bulgaria,14.49,BGR
1960,Burundi,92.64,BDI
1960,Cambodia,84.73,KHM
1960,Cameroon,82.29,CMR
1960,Canada,1.7,CAN
1960,Central African Republic,90.81,CAF
1960,Chile,20.2,CHL
1960,China,69.41,CHN
1960,"China, Hong Kong Special Administrative Region",35.3,HKG
1960,"China, Macao Special Administrative Region",32.05,MAC
1960,Colombia,36.36,COL
1960,Congo,88.12,COG
1960,Costa Rica,20.69,CRI
1960,Cote dIvoire,91.38,CIV
1960,Croatia,28.13,HRV
1960,Cuba,22.19,CUB
1960,Cyprus,28.9,CYP
1960,Czech Republic,0.8,CZE
1960,Democratic Republic of the Congo,86.59,COD
1960,Denmark,2.15,DNK
1960,Dominican Rep.,43.4,DOM
1960,Ecuador,37.8,ECU
1960,Egypt,92.1,EGY
1960,El Salvador,61.8,SLV
1960,Estonia,11.02,EST
1960,Fiji,29.19,FJI
1960,Finland,0.63,FIN
1960,France,0.34,FRA
1960,Gabon,89.47,GAB
1960,Gambia,95.8,GMB
1960,Germany,0.4,DEU
1960,Ghana,86.2,GHA
1960,Greece,16.5,GRC
1960,Guatemala,72.88,GTM
1960,Guyana,16.09,GUY
1960,Haiti,88.26,HTI
1960,Honduras,60.9,HND
1960,Hungary,3.7,HUN
1960,Iceland,1.08,ISL
1960,India,75.5,IND
1960,Indonesia,75.5,IDN
1960,Iran (Islamic Republic of),91.7,IRN
1960,Iraq,96.29,IRQ
1960,Ireland,4.96,IRL
1960,Israel,19.1,ISR
1960,Italy,12.5,ITA
1960,Jamaica,18.8,JAM
1960,Japan,2.9,JPN
1960,Jordan,79.6,JOR
1960,Kazakhstan,36.49,KAZ
1960,Kenya,77.3,KEN
1960,Kuwait,60.51,KWT
1960,Kyrgyzstan,24.5,KGZ
1960,Lao People's Democratic Republic,78.48,LAO
1960,Latvia,6.4,LVA
1960,Lesotho,43.29,LSO
1960,Liberia,92.3,LBR
1960,Libyan Arab Jamahiriya,85.53,LBY
1960,Lithuania,32.64,LTU
1960,Luxembourg,41.9,LUX
1960,Malawi,68.44,MWI
1960,Malaysia,58.5,MYS
1960,Maldives,53.39,MDV
1960,Mali,97.03,MLI
1960,Malta,34.81,MLT
1960,Mauritania,67.34,MRT
1960,Mauritius,47.6,MUS
1960,Mexico,43.63,MEX
1960,Mongolia,74.38,MNG
1960,Morocco,95.32,MAR
1960,Mozambique,83.55,MOZ
1960,Myanmar,77.63,MMR
1960,Namibia,54.99,NAM
1960,Nepal,99.0,NPL
1960,Netherlands,2.19,NLD
1960,New Zealand,1.07,NZL
1960,Nicaragua,60.22,NIC
1960,Niger,90.93,NER
1960,Norway,1.98,NOR
1960,Pakistan,86.7,PAK
1960,Panama,28.0,PAN
1960,Papua New Guinea,91.5,PNG
1960,Paraguay,26.4,PRY
1960,Peru,42.8,PER
1960,Philippines,33.5,PHL
1960,Poland,8.6,POL
1960,Portugal,45.1,PRT
1960,Qatar,82.88,QAT
1960,Republic of Korea,56.9,KOR
1960,Republic of Moldova,45.94,ROM
1960,Reunion,48.91,REU
1960,Romania,12.0,ROU
1960,Russian Federation,10.42,RUS
1960,Rwanda,92.23,RWA
1960,Saudi Arabia,62.24,SAU
1960,Senegal,58.09,SEN
1960,Serbia,31.39,SER
1960,Sierra Leone,94.71,SLE
1960,Singapore,58.46,SGP
1960,Slovakia,0.8,SVK
1960,Slovenia,23.13,SVN
1960,South Africa,49.64,ZAF
1960,Spain,53.13,ESP
1960,Sri Lanka,35.17,LKA
1960,Sudan,89.13,SDN
1960,Swaziland,76.1,SWZ
1960,Sweden,0.64,SWE
1960,Switzerland,0.2,CHE
1960,Syrian Arab Republic,76.5,SYR
1960,Taiwan,39.09,TWN
1960,Tajikistan,40.73,TJK
1960,Thailand,48.1,THA
1960,Togo,92.37,TGO
1960,Tonga,14.26,TON
1960,Trinidad and Tobago,15.71,TTO
1960,Tunisia,90.34,TUN
1960,Turkey,70.75,TUR
1960,USA,2.3,USA
1960,Uganda,77.42,UGA
1960,Ukraine,16.03,UKR
1960,United Arab Emirates,87.06,ARE
1960,United Kingdom,2.29,GBR
1960,United Republic of Tanzania,72.13,TZA
1960,Uruguay,15.43,URY
1960,Venezuela,49.1,VEN
1960,Viet Nam,54.25,VNM
1960,Yemen,99.87,YEM
1960,Zambia,59.21,ZMB
1960,Zimbabwe,57.08,ZWE
1965,Afghanistan,95.16,AFG
1965,Albania,48.75,ALB
1965,Algeria,88.0,DZA
1965,Argentina,10.3,ARG
1965,Armenia,3.77,ARM
1965,Australia,1.0,AUS
1965,Austria,3.47,AUT
1965,Bahrain,84.21,BHR
1965,Bangladesh,79.86,BGD
1965,Barbados,1.24,BRB
1965,Belgium,1.24,BEL
1965,Belize,11.94,BLZ
1965,Benin,89.33,BEN
1965,Bolivia,59.07,BOL
1965,Botswana,72.7,BWA
1965,Brazil,49.57,BRA
1965,Brunei Darussalam,60.23,BRN
1965,Bulgaria,12.01,BGR
1965,Burundi,89.93,BDI
1965,Cambodia,79.61,KHM
1965,Cameroon,79.68,CMR
1965,Canada,1.59,CAN
1965,Central African Republic,89.62,CAF
1965,Chile,16.71,CHL
1965,China,59.06,CHN
1965,"China, Hong Kong Special Administrative Region",32.6,HKG
1965,"China, Macao Special Administrative Region",29.09,MAC
1965,Colombia,32.39,COL
1965,Congo,85.71,COG
1965,Costa Rica,20.6,CRI
1965,Cote dIvoire,90.56,CIV
1965,Croatia,24.9,HRV
1965,Cuba,18.28,CUB
1965,Cyprus,23.62,CYP
1965,Czech Republic,0.63,CZE
1965,Democratic Republic of the Congo,83.21,COD
1965,Denmark,1.91,DNK
1965,Dominican Rep.,41.32,DOM
1965,Ecuador,36.6,ECU
1965,Egypt,91.2,EGY
1965,El Salvador,58.01,SLV
1965,Estonia,9.55,EST
1965,Fiji,22.36,FJI
1965,Finland,0.86,FIN
1965,France,0.62,FRA
1965,Gabon,87.14,GAB
1965,Gambia,95.71,GMB
1965,Germany,0.73,DEU
1965,Ghana,81.33,GHA
1965,Greece,16.17,GRC
1965,Guatemala,73.28,GTM
1965,Guyana,13.95,GUY
1965,Haiti,85.95,HTI
1965,Honduras,59.47,HND
1965,Hungary,3.0,HUN
1965,Iceland,0.96,ISL
1965,India,73.19,IND
1965,Indonesia,66.69,IDN
1965,Iran (Islamic Republic of),88.5,IRN
1965,Iraq,94.9,IRQ
1965,Ireland,4.43,IRL
1965,Israel,18.39,ISR
1965,Italy,9.46,ITA
1965,Jamaica,12.26,JAM
1965,Japan,1.56,JPN
1965,Jordan,75.72,JOR
1965,Kazakhstan,28.73,KAZ
1965,Kenya,77.62,KEN
1965,Kuwait,53.68,KWT
1965,Kyrgyzstan,18.74,KGZ
1965,Lao People's Democratic Republic,75.07,LAO
1965,Latvia,5.6,LVA
1965,Lesotho,41.1,LSO
1965,Liberia,89.84,LBR
1965,Libyan Arab Jamahiriya,84.0,LBY
1965,Lithuania,28.16,LTU
1965,Luxembourg,34.04,LUX
1965,Malawi,67.5,MWI
1965,Malaysia,52.95,MYS
1965,Maldives,51.54,MDV
1965,Mali,96.68,MLI
1965,Malta,22.9,MLT
1965,Mauritania,66.15,MRT
1965,Mauritius,40.56,MUS
1965,Mexico,41.11,MEX
1965,Mongolia,63.34,MNG
1965,Morocco,93.65,MAR
1965,Mozambique,78.99,MOZ
1965,Myanmar,78.35,MMR
1965,Namibia,53.36,NAM
1965,Nepal,97.73,NPL
1965,Netherlands,2.71,NLD
1965,New Zealand,0.92,NZL
1965,Nicaragua,56.67,NIC
1965,Niger,90.78,NER
1965,Norway,1.25,NOR
1965,Pakistan,84.73,PAK
1965,Panama,26.89,PAN
1965,Papua New Guinea,88.38,PNG
1965,Paraguay,23.7,PRY
1965,Peru,38.43,PER
1965,Philippines,26.65,PHL
1965,Poland,6.62,POL
1965,Portugal,44.68,PRT
1965,Qatar,77.81,QAT
1965,Republic of Korea,43.6,KOR
1965,Republic of Moldova,38.91,ROM
1965,Reunion,46.5,REU
1965,Romania,10.19,ROU
1965,Russian Federation,8.56,RUS
1965,Rwanda,88.22,RWA
1965,Saudi Arabia,59.9,SAU
1965,Senegal,57.65,SEN
1965,Serbia,27.24,SER
1965,Sierra Leone,94.4,SLE
1965,Singapore,52.45,SGP
1965,Slovakia,0.6,SVK
1965,Slovenia,17.01,SVN
1965,South Africa,45.67,ZAF
1965,Spain,49.52,ESP
1965,Sri Lanka,32.3,LKA
1965,Sudan,87.12,SDN
1965,Swaziland,73.1,SWZ
1965,Sweden,0.68,SWE
1965,Switzerland,2.99,CHE
1965,Syrian Arab Republic,71.63,SYR
1965,Taiwan,35.97,TWN
1965,Tajikistan,34.13,TJK
1965,Thailand,40.87,THA
1965,Togo,90.99,TGO
1965,Tonga,13.28,TON
1965,Trinidad and Tobago,13.25,TTO
1965,Tunisia,89.1,TUN
1965,Turkey,62.81,TUR
1965,USA,1.89,USA
1965,Uganda,75.61,UGA
1965,Ukraine,13.69,UKR
1965,United Arab Emirates,82.55,ARE
1965,United Kingdom,2.14,GBR
1965,United Republic of Tanzania,68.54,TZA
1965,Uruguay,13.97,URY
1965,Venezuela,46.61,VEN
1965,Viet Nam,44.91,VNM
1965,Yemen,99.87,YEM
1965,Zambia,53.63,ZMB
1965,Zimbabwe,50.24,ZWE
1970,Afghanistan,94.22,AFG
1970,Albania,43.8,ALB
1970,Algeria,84.4,DZA
1970,Argentina,8.3,ARG
1970,Armenia,3.29,ARM
1970,Australia,0.9,AUS
1970,Austria,4.14,AUT
1970,Bahrain,77.4,BHR
1970,Bangladesh,80.92,BGD
1970,Barbados,1.1,BRB
1970,Belgium,0.73,BEL
1970,Belize,12.2,BLZ
1970,Benin,89.26,BEN
1970,Bolivia,53.14,BOL
1970,Botswana,70.5,BWA
1970,Brazil,42.5,BRA
1970,Brunei Darussalam,52.4,BRN
1970,Bulgaria,9.38,BGR
1970,Burundi,87.64,BDI
1970,Cambodia,73.6,KHM
1970,Cameroon,75.05,CMR
1970,Canada,1.4,CAN
1970,Central African Republic,88.26,CAF
1970,Chile,12.4,CHL
1970,China,50.79,CHN
1970,"China, Hong Kong Special Administrative Region",33.1,HKG
1970,"China, Macao Special Administrative Region",26.9,MAC
1970,Colombia,28.67,COL
1970,Congo,79.75,COG
1970,Costa Rica,20.6,CRI
1970,Cote dIvoire,89.39,CIV
1970,Croatia,22.62,HRV
1970,Cuba,14.63,CUB
1970,Cyprus,21.19,CYP
1970,Czech Republic,0.6,CZE
1970,Democratic Republic of the Congo,79.48,COD
1970,Denmark,1.43,DNK
1970,Dominican Rep.,40.1,DOM
1970,Ecuador,33.98,ECU
1970,Egypt,88.81,EGY
1970,El Salvador,53.8,SLV
1970,Estonia,8.43,EST
1970,Fiji,22.61,FJI
1970,Finland,1.0,FIN
1970,France,0.9,FRA
1970,Gabon,82.59,GAB
1970,Gambia,95.29,GMB
1970,Germany,0.8,DEU
1970,Ghana,77.7,GHA
1970,Greece,15.52,GRC
1970,Guatemala,72.78,GTM
1970,Guyana,12.2,GUY
1970,Haiti,83.5,HTI
1970,Honduras,55.94,HND
1970,Hungary,2.4,HUN
1970,Iceland,0.86,ISL
1970,India,72.2,IND
1970,Indonesia,55.3,IDN
1970,Iran (Islamic Republic of),84.4,IRN
1970,Iraq,91.97,IRQ
1970,Ireland,4.01,IRL
1970,Israel,17.0,ISR
1970,Italy,7.3,ITA
1970,Jamaica,5.1,JAM
1970,Japan,0.9,JPN
1970,Jordan,70.59,JOR
1970,Kazakhstan,24.44,KAZ
1970,Kenya,75.9,KEN
1970,Kuwait,50.4,KWT
1970,Kyrgyzstan,15.94,KGZ
1970,Lao People's Democratic Republic,71.61,LAO
1970,Latvia,4.97,LVA
1970,Lesotho,35.31,LSO
1970,Liberia,87.76,LBR
1970,Libyan Arab Jamahiriya,77.07,LBY
1970,Lithuania,24.22,LTU
1970,Luxembourg,25.77,LUX
1970,Malawi,60.58,MWI
1970,Malaysia,47.64,MYS
1970,Maldives,45.93,MDV
1970,Mali,95.88,MLI
1970,Malta,23.55,MLT
1970,Mauritania,65.27,MRT
1970,Mauritius,36.0,MUS
1970,Mexico,37.45,MEX
1970,Mongolia,54.5,MNG
1970,Morocco,95.26,MAR
1970,Mozambique,75.81,MOZ
1970,Myanmar,77.8,MMR
1970,Namibia,49.92,NAM
1970,Nepal,96.0,NPL
1970,Netherlands,2.86,NLD
1970,New Zealand,0.91,NZL
1970,Nicaragua,53.9,NIC
1970,Niger,90.89,NER
1970,Norway,0.6,NOR
1970,Pakistan,82.61,PAK
1970,Panama,25.38,PAN
1970,Papua New Guinea,83.9,PNG
1970,Paraguay,19.6,PRY
1970,Peru,35.0,PER
1970,Philippines,19.8,PHL
1970,Poland,5.2,POL
1970,Portugal,44.2,PRT
1970,Qatar,70.42,QAT
1970,Republic of Korea,34.3,KOR
1970,Republic of Moldova,33.75,ROM
1970,Reunion,41.11,REU
1970,Romania,8.0,ROU
1970,Russian Federation,7.39,RUS
1970,Rwanda,85.01,RWA
1970,Saudi Arabia,57.6,SAU
1970,Senegal,57.12,SEN
1970,Serbia,23.9,SER
1970,Sierra Leone,93.36,SLE
1970,Singapore,47.6,SGP
1970,Slovakia,0.6,SVK
1970,Slovenia,12.7,SVN
1970,South Africa,41.91,ZAF
1970,Spain,46.67,ESP
1970,Sri Lanka,24.0,LKA
1970,Sudan,84.75,SDN
1970,Swaziland,63.21,SWZ
1970,Sweden,0.8,SWE
1970,Switzerland,4.97,CHE
1970,Syrian Arab Republic,68.6,SYR
1970,Taiwan,33.51,TWN
1970,Tajikistan,30.06,TJK
1970,Thailand,34.1,THA
1970,Togo,89.8,TGO
1970,Tonga,11.64,TON
1970,Trinidad and Tobago,11.6,TTO
1970,Tunisia,86.13,TUN
1970,Turkey,61.84,TUR
1970,USA,1.6,USA
1970,Uganda,71.8,UGA
1970,Ukraine,12.11,UKR
1970,United Arab Emirates,77.59,ARE
1970,United Kingdom,1.96,GBR
1970,United Republic of Tanzania,66.14,TZA
1970,Uruguay,11.28,URY
1970,Venezuela,47.1,VEN
1970,Viet Nam,39.37,VNM
1970,Yemen,99.87,YEM
1970,Zambia,43.0,ZMB
1970,Zimbabwe,44.47,ZWE
1975,Afghanistan,90.98,AFG
1975,Albania,38.8,ALB
1975,Algeria,78.51,DZA
1975,Argentina,6.93,ARG
1975,Armenia,2.74,ARM
1975,Australia,1.0,AUS
1975,Austria,1.62,AUT
1975,Bahrain,68.81,BHR
1975,Bangladesh,82.3,BGD
1975,Barbados,0.95,BRB
1975,Belgium,1.93,BEL
1975,Belize,11.49,BLZ
1975,Benin,89.22,BEN
1975,Bolivia,48.6,BOL
1975,Botswana,58.33,BWA
1975,Brazil,32.7,BRA
1975,Brunei Darussalam,45.35,BRN
1975,Bulgaria,7.19,BGR
1975,Burundi,84.66,BDI
1975,Cambodia,66.15,KHM
1975,Cameroon,71.3,CMR
1975,Canada,1.8,CAN
1975,Central African Republic,85.27,CAF
1975,Chile,10.86,CHL
1975,China,41.81,CHN
1975,"China, Hong Kong Special Administrative Region",28.5,HKG
1975,"China, Macao Special Administrative Region",21.27,MAC
1975,Colombia,24.62,COL
1975,Congo,74.75,COG
1975,Costa Rica,16.1,CRI
1975,Cote dIvoire,88.0,CIV
1975,Croatia,17.5,HRV
1975,Cuba,9.97,CUB
1975,Cyprus,14.47,CYP
1975,Czech Republic,0.51,CZE
1975,Democratic Republic of the Congo,75.36,COD
1975,Denmark,1.54,DNK
1975,Dominican Rep.,35.04,DOM
1975,Ecuador,31.9,ECU
1975,Egypt,86.3,EGY
1975,El Salvador,48.65,SLV
1975,Estonia,4.43,EST
1975,Fiji,19.7,FJI
1975,Finland,1.29,FIN
1975,France,1.18,FRA
1975,Gabon,77.65,GAB
1975,Gambia,94.9,GMB
1975,Germany,0.6,DEU
1975,Ghana,71.17,GHA
1975,Greece,13.69,GRC
1975,Guatemala,70.09,GTM
1975,Guyana,9.9,GUY
1975,Haiti,79.99,HTI
1975,Honduras,53.1,HND
1975,Hungary,1.71,HUN
1975,Iceland,0.72,ISL
1975,India,72.11,IND
1975,Indonesia,48.59,IDN
1975,Iran (Islamic Republic of),80.08,IRN
1975,Iraq,87.54,IRQ
1975,Ireland,3.41,IRL
1975,Israel,13.0,ISR
1975,Italy,7.5,ITA
1975,Jamaica,4.14,JAM
1975,Japan,0.46,JPN
1975,Jordan,66.11,JOR
1975,Kazakhstan,19.06,KAZ
1975,Kenya,68.12,KEN
1975,Kuwait,67.3,KWT
1975,Kyrgyzstan,13.22,KGZ
1975,Lao People's Democratic Republic,66.75,LAO
1975,Latvia,1.29,LVA
1975,Lesotho,34.3,LSO
1975,Liberia,87.1,LBR
1975,Libyan Arab Jamahiriya,72.7,LBY
1975,Lithuania,18.87,LTU
1975,Luxembourg,1.17,LUX
1975,Malawi,55.4,MWI
1975,Malaysia,40.46,MYS
1975,Maldives,43.81,MDV
1975,Mali,95.4,MLI
1975,Malta,24.26,MLT
1975,Mauritania,63.26,MRT
1975,Mauritius,29.92,MUS
1975,Mexico,36.12,MEX
1975,Mongolia,25.33,MNG
1975,Morocco,89.18,MAR
1975,Mozambique,77.68,MOZ
1975,Myanmar,78.3,MMR
1975,Namibia,45.75,NAM
1975,Nepal,93.3,NPL
1975,Netherlands,2.52,NLD
1975,New Zealand,0.79,NZL
1975,Nicaragua,50.9,NIC
1975,Niger,91.0,NER
1975,Norway,1.8,NOR
1975,Pakistan,80.25,PAK
1975,Panama,21.67,PAN
1975,Papua New Guinea,82.61,PNG
1975,Paraguay,17.16,PRY
1975,Peru,28.49,PER
1975,Philippines,14.1,PHL
1975,Poland,3.77,POL
1975,Portugal,34.93,PRT
1975,Qatar,66.44,QAT
1975,Republic of Korea,25.2,KOR
1975,Republic of Moldova,27.71,ROM
1975,Reunion,36.07,REU
1975,Romania,6.49,ROU
1975,Russian Federation,8.37,RUS
1975,Rwanda,79.84,RWA
1975,Saudi Arabia,56.06,SAU
1975,Senegal,56.0,SEN
1975,Serbia,19.78,SER
1975,Sierra Leone,91.73,SLE
1975,Singapore,45.82,SGP
1975,Slovakia,0.48,SVK
1975,Slovenia,10.61,SVN
1975,South Africa,36.87,ZAF
1975,Spain,39.91,ESP
1975,Sri Lanka,19.15,LKA
1975,Sudan,82.62,SDN
1975,Swaziland,53.6,SWZ
1975,Sweden,1.24,SWE
1975,Switzerland,3.8,CHE
1975,Syrian Arab Republic,61.09,SYR
1975,Taiwan,29.6,TWN
1975,Tajikistan,24.01,TJK
1975,Thailand,26.28,THA
1975,Togo,83.17,TGO
1975,Tonga,11.56,TON
1975,Trinidad and Tobago,5.8,TTO
1975,Tunisia,82.7,TUN
1975,Turkey,59.0,TUR
1975,USA,1.27,USA
1975,Uganda,65.46,UGA
1975,Ukraine,10.61,UKR
1975,United Arab Emirates,72.2,ARE
1975,United Kingdom,1.92,GBR
1975,United Republic of Tanzania,61.38,TZA
1975,Uruguay,9.9,URY
1975,Venezuela,35.95,VEN
1975,Viet Nam,34.09,VNM
1975,Yemen,100.0,YEM
1975,Zambia,48.06,ZMB
1975,Zimbabwe,35.69,ZWE
1980,Afghanistan,89.0,AFG
1980,Albania,33.33,ALB
1980,Algeria,70.38,DZA
1980,Argentina,7.1,ARG
1980,Armenia,2.2,ARM
1980,Australia,1.0,AUS
1980,Austria,0.1,AUT
1980,Bahrain,53.39,BHR
1980,Bangladesh,70.4,BGD
1980,Barbados,0.85,BRB
1980,Belgium,2.92,BEL
1980,Belize,10.7,BLZ
1980,Benin,89.2,BEN
1980,Bolivia,40.32,BOL
1980,Botswana,54.7,BWA
1980,Brazil,32.9,BRA
1980,Brunei Darussalam,32.1,BRN
1980,Bulgaria,5.47,BGR
1980,Burundi,81.48,BDI
1980,Cambodia,57.83,KHM
1980,Cameroon,63.13,CMR
1980,Canada,2.0,CAN
1980,Central African Republic,82.01,CAF
1980,Chile,9.4,CHL
1980,China,33.07,CHN
1980,"China, Hong Kong Special Administrative Region",22.5,HKG
1980,"China, Macao Special Administrative Region",17.39,MAC
1980,Colombia,21.92,COL
1980,Congo,65.62,COG
1980,Costa Rica,13.84,CRI
1980,Cote dIvoire,84.0,CIV
1980,Croatia,14.74,HRV
1980,Cuba,9.4,CUB
1980,Cyprus,11.17,CYP
1980,Czech Republic,0.4,CZE
1980,Democratic Republic of the Congo,70.76,COD
1980,Denmark,1.81,DNK
1980,Dominican Rep.,29.98,DOM
1980,Ecuador,25.4,ECU
1980,Egypt,75.57,EGY
1980,El Salvador,43.18,SLV
1980,Estonia,3.59,EST
1980,Fiji,14.87,FJI
1980,Finland,1.36,FIN
1980,France,1.1,FRA
1980,Gabon,67.05,GAB
1980,Gambia,92.76,GMB
1980,Germany,0.2,DEU
1980,Ghana,65.27,GHA
1980,Greece,11.5,GRC
1980,Guatemala,55.0,GTM
1980,Guyana,8.1,GUY
1980,Haiti,77.0,HTI
1980,Honduras,42.89,HND
1980,Hungary,1.3,HUN
1980,Iceland,0.74,ISL
1980,India,72.5,IND
1980,Indonesia,41.1,IDN
1980,Iran (Islamic Republic of),73.0,IRN
1980,Iraq,79.67,IRQ
1980,Ireland,2.94,IRL
1980,Israel,9.7,ISR
1980,Italy,7.73,ITA
1980,Jamaica,3.2,JAM
1980,Japan,0.25,JPN
1980,Jordan,66.1,JOR
1980,Kazakhstan,14.67,KAZ
1980,Kenya,59.01,KEN
1980,Kuwait,58.0,KWT
1980,Kyrgyzstan,10.17,KGZ
1980,Lao People's Democratic Republic,60.85,LAO
1980,Latvia,1.04,LVA
1980,Lesotho,29.92,LSO
1980,Liberia,83.15,LBR
1980,Libyan Arab Jamahiriya,63.1,LBY
1980,Lithuania,15.44,LTU
1980,Luxembourg,1.47,LUX
1980,Malawi,53.94,MWI
1980,Malaysia,34.38,MYS
1980,Maldives,40.71,MDV
1980,Mali,92.72,MLI
1980,Malta,26.25,MLT
1980,Mauritania,62.99,MRT
1980,Mauritius,26.58,MUS
1980,Mexico,34.2,MEX
1980,Mongolia,16.77,MNG
1980,Morocco,84.16,MAR
1980,Mozambique,81.0,MOZ
1980,Myanmar,67.12,MMR
1980,Namibia,41.37,NAM
1980,Nepal,90.3,NPL
1980,Netherlands,2.23,NLD
1980,New Zealand,1.21,NZL
1980,Nicaragua,47.95,NIC
1980,Niger,90.88,NER
1980,Norway,1.8,NOR
1980,Pakistan,78.9,PAK
1980,Panama,18.3,PAN
1980,Papua New Guinea,80.67,PNG
1980,Paraguay,14.1,PRY
1980,Peru,24.0,PER
1980,Philippines,11.7,PHL
1980,Poland,2.8,POL
1980,Portugal,27.5,PRT
1980,Qatar,59.21,QAT
1980,Republic of Korea,19.7,KOR
1980,Republic of Moldova,21.93,ROM
1980,Reunion,29.61,REU
1980,Romania,5.03,ROU
1980,Russian Federation,8.7,RUS
1980,Rwanda,77.0,RWA
1980,Saudi Arabia,49.81,SAU
1980,Senegal,56.31,SEN
1980,Serbia,15.8,SER
1980,Sierra Leone,89.05,SLE
1980,Singapore,43.7,SGP
1980,Slovakia,0.4,SVK
1980,Slovenia,7.9,SVN
1980,South Africa,31.66,ZAF
1980,Spain,35.1,ESP
1980,Sri Lanka,15.9,LKA
1980,Sudan,79.37,SDN
1980,Swaziland,47.03,SWZ
1980,Sweden,1.16,SWE
1980,Switzerland,2.9,CHE
1980,Syrian Arab Republic,52.96,SYR
1980,Taiwan,23.0,TWN
1980,Tajikistan,18.76,TJK
1980,Thailand,20.5,THA
1980,Togo,76.5,TGO
1980,Tonga,10.55,TON
1980,Trinidad and Tobago,1.3,TTO
1980,Tunisia,72.1,TUN
1980,Turkey,52.4,TUR
1980,USA,1.0,USA
1980,Uganda,58.63,UGA
1980,Ukraine,8.99,UKR
1980,United Arab Emirates,65.02,ARE
1980,United Kingdom,2.09,GBR
1980,United Republic of Tanzania,57.72,TZA
1980,Uruguay,6.82,URY
1980,Venezuela,23.5,VEN
1980,Viet Nam,28.4,VNM
1980,Yemen,99.14,YEM
1980,Zambia,49.8,ZMB
1980,Zimbabwe,31.2,ZWE
1985,Afghanistan,84.62,AFG
1985,Albania,19.75,ALB
1985,Algeria,61.37,DZA
1985,Argentina,5.64,ARG
1985,Armenia,1.44,ARM
1985,Australia,1.2,AUS
1985,Austria,0.1,AUT
1985,Bahrain,43.3,BHR
1985,Bangladesh,65.29,BGD
1985,Barbados,0.66,BRB
1985,Belgium,4.78,BEL
1985,Belize,11.84,BLZ
1985,Benin,84.62,BEN
1985,Bolivia,32.6,BOL
1985,Botswana,46.77,BWA
1985,Brazil,28.87,BRA
1985,Brunei Darussalam,28.48,BRN
1985,Bulgaria,4.06,BGR
1985,Burundi,78.31,BDI
1985,Cambodia,49.08,KHM
1985,Cameroon,53.66,CMR
1985,Canada,1.21,CAN
1985,Central African Republic,76.76,CAF
1985,Chile,7.24,CHL
1985,China,30.71,CHN
1985,"China, Hong Kong Special Administrative Region",18.4,HKG
1985,"China, Macao Special Administrative Region",15.05,MAC
1985,Colombia,18.89,COL
1985,Congo,58.8,COG
1985,Costa Rica,10.65,CRI
1985,Cote dIvoire,79.37,CIV
1985,Croatia,12.18,HRV
1985,Cuba,8.4,CUB
1985,Cyprus,8.62,CYP
1985,Czech Republic,1.78,CZE
1985,Democratic Republic of the Congo,65.13,COD
1985,Denmark,2.6,DNK
1985,Dominican Rep.,27.33,DOM
1985,Ecuador,22.68,ECU
1985,Egypt,64.1,EGY
1985,El Salvador,39.39,SLV
1985,Estonia,2.9,EST
1985,Fiji,10.9,FJI
1985,Finland,1.14,FIN
1985,France,6.31,FRA
1985,Gabon,57.66,GAB
1985,Gambia,89.72,GMB
1985,Germany,1.3,DEU
1985,Ghana,57.07,GHA
1985,Greece,9.99,GRC
1985,Guatemala,50.62,GTM
1985,Guyana,7.03,GUY
1985,Haiti,59.65,HTI
1985,Honduras,33.5,HND
1985,Hungary,1.25,HUN
1985,Iceland,1.07,ISL
1985,India,64.94,IND
1985,Indonesia,46.1,IDN
1985,Iran (Islamic Republic of),64.14,IRN
1985,Iraq,71.68,IRQ
1985,Ireland,2.5,IRL
1985,Israel,8.03,ISR
1985,Italy,10.24,ITA
1985,Jamaica,3.42,JAM
1985,Japan,0.26,JPN
1985,Jordan,55.82,JOR
1985,Kazakhstan,10.81,KAZ
1985,Kenya,52.99,KEN
1985,Kuwait,50.3,KWT
1985,Kyrgyzstan,6.36,KGZ
1985,Lao People's Democratic Republic,56.16,LAO
1985,Latvia,0.81,LVA
1985,Lesotho,26.27,LSO
1985,Liberia,77.65,LBR
1985,Libyan Arab Jamahiriya,55.93,LBY
1985,Lithuania,12.04,LTU
1985,Luxembourg,1.94,LUX
1985,Malawi,55.0,MWI
1985,Malaysia,28.31,MYS
1985,Maldives,38.54,MDV
1985,Mali,89.34,MLI
1985,Malta,21.9,MLT
1985,Mauritania,61.82,MRT
1985,Mauritius,23.9,MUS
1985,Mexico,27.55,MEX
1985,Mongolia,8.84,MNG
1985,Morocco,78.47,MAR
1985,Mozambique,79.41,MOZ
1985,Myanmar,55.8,MMR
1985,Namibia,36.8,NAM
1985,Nepal,82.87,NPL
1985,Netherlands,1.96,NLD
1985,New Zealand,0.52,NZL
1985,Nicaragua,44.79,NIC
1985,Niger,89.96,NER
1985,Norway,0.9,NOR
1985,Pakistan,75.54,PAK
1985,Panama,15.02,PAN
1985,Papua New Guinea,73.18,PNG
1985,Paraguay,10.8,PRY
1985,Peru,20.35,PER
1985,Philippines,8.4,PHL
1985,Poland,1.95,POL
1985,Portugal,20.96,PRT
1985,Qatar,53.5,QAT
1985,Republic of Korea,15.41,KOR
1985,Republic of Moldova,16.9,ROM
1985,Reunion,23.76,REU
1985,Romania,4.03,ROU
1985,Russian Federation,8.44,RUS
1985,Rwanda,69.84,RWA
1985,Saudi Arabia,43.69,SAU
1985,Senegal,56.89,SEN
1985,Serbia,12.64,SER
1985,Sierra Leone,85.77,SLE
1985,Singapore,26.06,SGP
1985,Slovakia,1.17,SVK
1985,Slovenia,4.08,SVN
1985,South Africa,24.8,ZAF
1985,Spain,33.57,ESP
1985,Sri Lanka,14.38,LKA
1985,Sudan,76.7,SDN
1985,Swaziland,42.32,SWZ
1985,Sweden,1.36,SWE
1985,Switzerland,8.29,CHE
1985,Syrian Arab Republic,43.2,SYR
1985,Taiwan,17.27,TWN
1985,Tajikistan,13.73,TJK
1985,Thailand,16.66,THA
1985,Togo,69.73,TGO
1985,Tonga,9.74,TON
1985,Trinidad and Tobago,3.2,TTO
1985,Tunisia,66.3,TUN
1985,Turkey,40.03,TUR
1985,USA,1.11,USA
1985,Uganda,52.09,UGA
1985,Ukraine,7.65,UKR
1985,United Arab Emirates,56.86,ARE
1985,United Kingdom,3.28,GBR
1985,United Republic of Tanzania,50.73,TZA
1985,Uruguay,4.7,URY
1985,Venezuela,22.03,VEN
1985,Viet Nam,21.82,VNM
1985,Yemen,98.19,YEM
1985,Zambia,42.92,ZMB
1985,Zimbabwe,25.81,ZWE
1990,Afghanistan,80.7,AFG
1990,Albania,13.53,ALB
1990,Algeria,52.01,DZA
1990,Argentina,5.7,ARG
1990,Armenia,1.11,ARM
1990,Australia,1.3,AUS
1990,Austria,0.19,AUT
1990,Bahrain,38.48,BHR
1990,Bangladesh,60.09,BGD
1990,Barbados,0.77,BRB
1990,Belgium,5.18,BEL
1990,Belize,13.16,BLZ
1990,Benin,79.67,BEN
1990,Bolivia,25.74,BOL
1990,Botswana,41.21,BWA
1990,Brazil,27.67,BRA
1990,Brunei Darussalam,24.41,BRN
1990,Bulgaria,4.7,BGR
1990,Burundi,76.66,BDI
1990,Cambodia,45.41,KHM
1990,Cameroon,45.14,CMR
1990,Canada,0.99,CAN
1990,Central African Republic,71.16,CAF
1990,Chile,5.77,CHL
1990,China,29.3,CHN
1990,"China, Hong Kong Special Administrative Region",15.7,HKG
1990,"China, Macao Special Administrative Region",13.1,MAC
1990,Colombia,15.83,COL
1990,Congo,48.27,COG
1990,Costa Rica,8.5,CRI
1990,Cote dIvoire,75.23,CIV
1990,Croatia,10.35,HRV
1990,Cuba,10.67,CUB
1990,Cyprus,5.22,CYP
1990,Czech Republic,2.2,CZE
1990,Democratic Republic of the Congo,58.65,COD
1990,Denmark,0.11,DNK
1990,Dominican Rep.,23.67,DOM
1990,Ecuador,21.09,ECU
1990,Egypt,59.61,EGY
1990,El Salvador,37.44,SLV
1990,Estonia,2.2,EST
1990,Fiji,8.57,FJI
1990,Finland,0.11,FIN
1990,France,9.73,FRA
1990,Gabon,48.42,GAB
1990,Gambia,87.06,GMB
1990,Germany,3.25,DEU
1990,Ghana,50.23,GHA
1990,Greece,8.89,GRC
1990,Guatemala,46.7,GTM
1990,Guyana,7.02,GUY
1990,Haiti,54.05,HTI
1990,Honduras,27.92,HND
1990,Hungary,1.29,HUN
1990,Iceland,1.21,ISL
1990,India,57.62,IND
1990,Indonesia,54.5,IDN
1990,Iran (Islamic Republic of),52.4,IRN
1990,Iraq,63.65,IRQ
1990,Ireland,2.33,IRL
1990,Israel,5.24,ISR
1990,Italy,9.88,ITA
1990,Jamaica,4.0,JAM
1990,Japan,0.26,JPN
1990,Jordan,46.48,JOR
1990,Kazakhstan,7.7,KAZ
1990,Kenya,46.1,KEN
1990,Kuwait,47.96,KWT
1990,Kyrgyzstan,4.46,KGZ
1990,Lao People's Democratic Republic,49.95,LAO
1990,Latvia,0.6,LVA
1990,Lesotho,22.97,LSO
1990,Liberia,71.15,LBR
1990,Libyan Arab Jamahiriya,47.87,LBY
1990,Lithuania,9.1,LTU
1990,Luxembourg,2.79,LUX
1990,Malawi,49.98,MWI
1990,Malaysia,22.77,MYS
1990,Maldives,43.9,MDV
1990,Mali,86.48,MLI
1990,Malta,19.44,MLT
1990,Mauritania,60.8,MRT
1990,Mauritius,18.3,MUS
1990,Mexico,22.01,MEX
1990,Mongolia,2.53,MNG
1990,Morocco,73.19,MAR
1990,Mozambique,80.38,MOZ
1990,Myanmar,43.02,MMR
1990,Namibia,30.88,NAM
1990,Nepal,73.66,NPL
1990,Netherlands,1.75,NLD
1990,New Zealand,0.1,NZL
1990,Nicaragua,41.4,NIC
1990,Niger,88.37,NER
1990,Norway,0.07,NOR
1990,Pakistan,73.8,PAK
1990,Panama,12.19,PAN
1990,Papua New Guinea,66.08,PNG
1990,Paraguay,9.14,PRY
1990,Peru,17.54,PER
1990,Philippines,6.7,PHL
1990,Poland,2.04,POL
1990,Portugal,16.12,PRT
1990,Qatar,48.88,QAT
1990,Republic of Korea,11.02,KOR
1990,Republic of Moldova,12.7,ROM
1990,Reunion,19.15,REU
1990,Romania,5.4,ROU
1990,Russian Federation,7.72,RUS
1990,Rwanda,65.39,RWA
1990,Saudi Arabia,35.75,SAU
1990,Senegal,60.32,SEN
1990,Serbia,10.29,SER
1990,Sierra Leone,82.1,SLE
1990,Singapore,13.95,SGP
1990,Slovakia,1.71,SVK
1990,Slovenia,0.7,SVN
1990,South Africa,14.2,ZAF
1990,Spain,31.27,ESP
1990,Sri Lanka,12.05,LKA
1990,Sudan,72.17,SDN
1990,Swaziland,42.26,SWZ
1990,Sweden,1.46,SWE
1990,Switzerland,11.08,CHE
1990,Syrian Arab Republic,34.51,SYR
1990,Taiwan,12.57,TWN
1990,Tajikistan,9.85,TJK
1990,Thailand,14.38,THA
1990,Togo,63.94,TGO
1990,Tonga,6.0,TON
1990,Trinidad and Tobago,4.63,TTO
1990,Tunisia,56.45,TUN
1990,Turkey,33.26,TUR
1990,USA,1.23,USA
1990,Uganda,46.9,UGA
1990,Ukraine,6.18,UKR
1990,United Arab Emirates,46.41,ARE
1990,United Kingdom,3.05,GBR
1990,United Republic of Tanzania,45.23,TZA
1990,Uruguay,4.88,URY
1990,Venezuela,21.18,VEN
1990,Viet Nam,16.62,VNM
1990,Yemen,95.64,YEM
1990,Zambia,39.8,ZMB
1990,Zimbabwe,22.37,ZWE
1995,Afghanistan,75.87,AFG
1995,Albania,17.13,ALB
1995,Algeria,44.24,DZA
1995,Argentina,4.94,ARG
1995,Armenia,0.95,ARM
1995,Australia,1.4,AUS
1995,Austria,0.6,AUT
1995,Bahrain,33.06,BHR
1995,Bangladesh,54.45,BGD
1995,Barbados,0.36,BRB
1995,Belgium,5.13,BEL
1995,Belize,9.25,BLZ
1995,Benin,74.1,BEN
1995,Bolivia,19.5,BOL
1995,Botswana,32.2,BWA
1995,Brazil,24.08,BRA
1995,Brunei Darussalam,22.22,BRN
1995,Bulgaria,3.1,BGR
1995,Burundi,74.33,BDI
1995,Cambodia,41.45,KHM
1995,Cameroon,36.87,CMR
1995,Canada,1.02,CAN
1995,Central African Republic,67.1,CAF
1995,Chile,5.15,CHL
1995,China,20.5,CHN
1995,"China, Hong Kong Special Administrative Region",18.5,HKG
1995,"China, Macao Special Administrative Region",10.37,MAC
1995,Colombia,14.05,COL
1995,Congo,43.01,COG
1995,Costa Rica,7.21,CRI
1995,Cote dIvoire,68.84,CIV
1995,Croatia,7.43,HRV
1995,Cuba,12.28,CUB
1995,Cyprus,7.98,CYP
1995,Czech Republic,1.07,CZE
1995,Democratic Republic of the Congo,53.12,COD
1995,Denmark,0.11,DNK
1995,Dominican Rep.,20.72,DOM
1995,Ecuador,19.78,ECU
1995,Egypt,54.99,EGY
1995,El Salvador,31.47,SLV
1995,Estonia,1.04,EST
1995,Fiji,7.26,FJI
1995,Finland,0.33,FIN
1995,France,5.78,FRA
1995,Gabon,40.3,GAB
1995,Gambia,81.69,GMB
1995,Germany,4.52,DEU
1995,Ghana,44.18,GHA
1995,Greece,12.0,GRC
1995,Guatemala,42.6,GTM
1995,Guyana,6.86,GUY
1995,Haiti,48.75,HTI
1995,Honduras,24.38,HND
1995,Hungary,0.91,HUN
1995,Iceland,1.26,ISL
1995,India,54.84,IND
1995,Indonesia,39.79,IDN
1995,Iran (Islamic Republic of),41.71,IRN
1995,Iraq,52.73,IRQ
1995,Ireland,4.19,IRL
1995,Israel,4.23,ISR
1995,Italy,8.98,ITA
1995,Jamaica,5.23,JAM
1995,Japan,0.19,JPN
1995,Jordan,34.03,JOR
1995,Kazakhstan,3.98,KAZ
1995,Kenya,36.58,KEN
1995,Kuwait,46.37,KWT
1995,Kyrgyzstan,3.07,KGZ
1995,Lao People's Democratic Republic,45.17,LAO
1995,Latvia,0.42,LVA
1995,Lesotho,20.49,LSO
1995,Liberia,65.08,LBR
1995,Libyan Arab Jamahiriya,39.87,LBY
1995,Lithuania,6.72,LTU
1995,Luxembourg,3.77,LUX
1995,Malawi,46.13,MWI
1995,Malaysia,17.49,MYS
1995,Maldives,47.41,MDV
1995,Mali,83.64,MLI
1995,Malta,16.92,MLT
1995,Mauritania,58.47,MRT
1995,Mauritius,13.64,MUS
1995,Mexico,17.2,MEX
1995,Mongolia,4.58,MNG
1995,Morocco,67.29,MAR
1995,Mozambique,81.9,MOZ
1995,Myanmar,37.26,MMR
1995,Namibia,27.06,NAM
1995,Nepal,70.2,NPL
1995,Netherlands,1.61,NLD
1995,New Zealand,0.1,NZL
1995,Nicaragua,36.69,NIC
1995,Niger,86.05,NER
1995,Norway,0.22,NOR
1995,Pakistan,69.82,PAK
1995,Panama,10.11,PAN
1995,Papua New Guinea,58.99,PNG
1995,Paraguay,7.72,PRY
1995,Peru,16.53,PER
1995,Philippines,6.15,PHL
1995,Poland,2.59,POL
1995,Portugal,13.4,PRT
1995,Qatar,43.53,QAT
1995,Republic of Korea,8.7,KOR
1995,Republic of Moldova,8.86,ROM
1995,Reunion,15.42,REU
1995,Romania,3.81,ROU
1995,Russian Federation,5.14,RUS
1995,Rwanda,62.22,RWA
1995,Saudi Arabia,31.16,SAU
1995,Senegal,64.24,SEN
1995,Serbia,7.33,SER
1995,Sierra Leone,78.07,SLE
1995,Singapore,16.97,SGP
1995,Slovakia,1.88,SVK
1995,Slovenia,0.73,SVN
1995,South Africa,5.48,ZAF
1995,Spain,23.73,ESP
1995,Sri Lanka,11.3,LKA
1995,Sudan,67.04,SDN
1995,Swaziland,44.17,SWZ
1995,Sweden,1.75,SWE
1995,Switzerland,12.47,CHE
1995,Syrian Arab Republic,26.44,SYR
1995,Taiwan,8.95,TWN
1995,Tajikistan,4.07,TJK
1995,Thailand,13.57,THA
1995,Togo,56.76,TGO
1995,Tonga,1.31,TON
1995,Trinidad and Tobago,3.43,TTO
1995,Tunisia,49.26,TUN
1995,Turkey,30.6,TUR
1995,USA,0.62,USA
1995,Uganda,38.98,UGA
1995,Ukraine,4.71,UKR
1995,United Arab Emirates,33.18,ARE
1995,United Kingdom,3.03,GBR
1995,United Republic of Tanzania,39.18,TZA
1995,Uruguay,4.88,URY
1995,Venezuela,18.01,VEN
1995,Viet Nam,12.65,VNM
1995,Yemen,91.58,YEM
1995,Zambia,20.8,ZMB
1995,Zimbabwe,15.89,ZWE
2000,Afghanistan,73.35,AFG
2000,Albania,1.52,ALB
2000,Algeria,38.36,DZA
2000,Argentina,4.27,ARG
2000,Armenia,0.73,ARM
2000,Australia,1.21,AUS
2000,Austria,1.08,AUT
2000,Bahrain,30.81,BHR
2000,Bangladesh,50.98,BGD
2000,Barbados,0.01,BRB
2000,Belgium,4.69,BEL
2000,Belize,5.12,BLZ
2000,Benin,69.6,BEN
2000,Bolivia,17.04,BOL
2000,Botswana,24.81,BWA
2000,Brazil,20.08,BRA
2000,Brunei Darussalam,21.39,BRN
2000,Bulgaria,1.23,BGR
2000,Burundi,70.91,BDI
2000,Cambodia,37.32,KHM
2000,Cameroon,29.06,CMR
2000,Canada,1.0,CAN
2000,Central African Republic,61.63,CAF
2000,Chile,5.07,CHL
2000,China,13.46,CHN
2000,"China, Hong Kong Special Administrative Region",21.7,HKG
2000,"China, Macao Special Administrative Region",7.6,MAC
2000,Colombia,11.14,COL
2000,Congo,41.52,COG
2000,Costa Rica,6.72,CRI
2000,Cote dIvoire,58.42,CIV
2000,Croatia,5.16,HRV
2000,Cuba,14.06,CUB
2000,Cyprus,10.58,CYP
2000,Czech Republic,0.48,CZE
2000,Democratic Republic of the Congo,48.15,COD
2000,Denmark,0.92,DNK
2000,Dominican Rep.,17.53,DOM
2000,Ecuador,20.93,ECU
2000,Egypt,49.7,EGY
2000,El Salvador,25.83,SLV
2000,Estonia,0.23,EST
2000,Fiji,5.54,FJI
2000,Finland,0.48,FIN
2000,France,3.11,FRA
2000,Gabon,32.39,GAB
2000,Gambia,79.71,GMB
2000,Germany,5.42,DEU
2000,Ghana,39.47,GHA
2000,Greece,12.8,GRC
2000,Guatemala,39.5,GTM
2000,Guyana,7.0,GUY
2000,Haiti,43.21,HTI
2000,Honduras,20.94,HND
2000,Hungary,0.72,HUN
2000,Iceland,1.36,ISL
2000,India,50.79,IND
2000,Indonesia,27.92,IDN
2000,Iran (Islamic Republic of),31.73,IRN
2000,Iraq,41.02,IRQ
2000,Ireland,5.15,IRL
2000,Israel,3.57,ISR
2000,Italy,7.9,ITA
2000,Jamaica,6.5,JAM
2000,Japan,0.15,JPN
2000,Jordan,24.84,JOR
2000,Kazakhstan,1.59,KAZ
2000,Kenya,30.81,KEN
2000,Kuwait,27.56,KWT
2000,Kyrgyzstan,1.61,KGZ
2000,Lao People's Democratic Republic,40.97,LAO
2000,Latvia,0.67,LVA
2000,Lesotho,17.85,LSO
2000,Liberia,60.87,LBR
2000,Libyan Arab Jamahiriya,33.65,LBY
2000,Lithuania,3.53,LTU
2000,Luxembourg,4.75,LUX
2000,Malawi,42.93,MWI
2000,Malaysia,15.23,MYS
2000,Maldives,49.38,MDV
2000,Mali,81.58,MLI
2000,Malta,11.9,MLT
2000,Mauritania,54.54,MRT
2000,Mauritius,12.3,MUS
2000,Mexico,13.44,MEX
2000,Mongolia,5.54,MNG
2000,Morocco,60.75,MAR
2000,Mozambique,80.23,MOZ
2000,Myanmar,31.71,MMR
2000,Namibia,25.9,NAM
2000,Nepal,64.97,NPL
2000,Netherlands,1.38,NLD
2000,New Zealand,0.11,NZL
2000,Nicaragua,31.55,NIC
2000,Niger,83.05,NER
2000,Norway,0.31,NOR
2000,Pakistan,66.86,PAK
2000,Panama,8.9,PAN
2000,Papua New Guinea,52.42,PNG
2000,Paraguay,8.81,PRY
2000,Peru,12.49,PER
2000,Philippines,6.11,PHL
2000,Poland,2.87,POL
2000,Portugal,10.73,PRT
2000,Qatar,40.52,QAT
2000,Republic of Korea,7.45,KOR
2000,Republic of Moldova,6.1,ROM
2000,Reunion,12.47,REU
2000,Romania,2.74,ROU
2000,Russian Federation,1.14,RUS
2000,Rwanda,59.42,RWA
2000,Saudi Arabia,26.31,SAU
2000,Senegal,68.73,SEN
2000,Serbia,5.15,SER
2000,Sierra Leone,73.62,SLE
2000,Singapore,21.21,SGP
2000,Slovakia,2.14,SVK
2000,Slovenia,0.7,SVN
2000,South Africa,20.22,ZAF
2000,Spain,17.4,ESP
2000,Sri Lanka,10.4,LKA
2000,Sudan,62.48,SDN
2000,Swaziland,48.68,SWZ
2000,Sweden,1.75,SWE
2000,Switzerland,11.47,CHE
2000,Syrian Arab Republic,21.96,SYR
2000,Taiwan,6.15,TWN
2000,Tajikistan,0.76,TJK
2000,Thailand,14.35,THA
2000,Togo,51.62,TGO
2000,Tonga,1.44,TON
2000,Trinidad and Tobago,2.44,TTO
2000,Tunisia,40.56,TUN
2000,Turkey,20.14,TUR
2000,USA,0.48,USA
2000,Uganda,33.75,UGA
2000,Ukraine,3.42,UKR
2000,United Arab Emirates,21.18,ARE
2000,United Kingdom,3.2,GBR
2000,United Republic of Tanzania,34.93,TZA
2000,Uruguay,2.88,URY
2000,Venezuela,14.15,VEN
2000,Viet Nam,9.47,VNM
2000,Yemen,85.33,YEM
2000,Zambia,23.86,ZMB
2000,Zimbabwe,13.16,ZWE
2005,Afghanistan,71.58,AFG
2005,Albania,2.51,ALB
2005,Algeria,35.6,DZA
2005,Argentina,1.08,ARG
2005,Armenia,0.57,ARM
2005,Australia,1.06,AUS
2005,Austria,1.52,AUT
2005,Bahrain,32.33,BHR
2005,Bangladesh,46.91,BGD
2005,Barbados,0.02,BRB
2005,Belgium,4.55,BEL
2005,Belize,2.11,BLZ
2005,Benin,66.1,BEN
2005,Bolivia,14.11,BOL
2005,Botswana,20.0,BWA
2005,Brazil,15.66,BRA
2005,Brunei Darussalam,20.62,BRN
2005,Bulgaria,1.91,BGR
2005,Burundi,63.59,BDI
2005,Cambodia,33.57,KHM
2005,Cameroon,22.36,CMR
2005,Canada,0.68,CAN
2005,Central African Republic,56.64,CAF
2005,Chile,3.79,CHL
2005,China,9.56,CHN
2005,"China, Hong Kong Special Administrative Region",8.4,HKG
2005,"China, Macao Special Administrative Region",6.15,MAC
2005,Colombia,9.32,COL
2005,Congo,36.47,COG
2005,Costa Rica,5.1,CRI
2005,Cote dIvoire,52.65,CIV
2005,Croatia,3.32,HRV
2005,Cuba,11.21,CUB
2005,Cyprus,14.24,CYP
2005,Czech Republic,0.11,CZE
2005,Democratic Republic of the Congo,45.33,COD
2005,Denmark,1.81,DNK
2005,Dominican Rep.,14.46,DOM
2005,Ecuador,16.44,ECU
2005,Egypt,43.87,EGY
2005,El Salvador,21.26,SLV
2005,Estonia,0.19,EST
2005,Fiji,4.1,FJI
2005,Finland,0.42,FIN
2005,France,1.66,FRA
2005,Gabon,24.78,GAB
2005,Gambia,76.39,GMB
2005,Germany,4.8,DEU
2005,Ghana,37.25,GHA
2005,Greece,3.34,GRC
2005,Guatemala,38.89,GTM
2005,Guyana,6.31,GUY
2005,Haiti,38.04,HTI
2005,Honduras,18.12,HND
2005,Hungary,0.61,HUN
2005,Iceland,1.35,ISL
2005,India,47.02,IND
2005,Indonesia,18.62,IDN
2005,Iran (Islamic Republic of),23.79,IRN
2005,Iraq,32.9,IRQ
2005,Ireland,0.8,IRL
2005,Israel,3.74,ISR
2005,Italy,7.76,ITA
2005,Jamaica,6.06,JAM
2005,Japan,0.13,JPN
2005,Jordan,17.23,JOR
2005,Kazakhstan,0.02,KAZ
2005,Kenya,26.98,KEN
2005,Kuwait,7.93,KWT
2005,Kyrgyzstan,1.52,KGZ
2005,Lao People's Democratic Republic,37.52,LAO
2005,Latvia,0.26,LVA
2005,Lesotho,12.43,LSO
2005,Liberia,58.75,LBR
2005,Libyan Arab Jamahiriya,30.42,LBY
2005,Lithuania,0.5,LTU
2005,Luxembourg,5.18,LUX
2005,Malawi,38.68,MWI
2005,Malaysia,11.58,MYS
2005,Maldives,39.18,MDV
2005,Mali,79.83,MLI
2005,Malta,5.72,MLT
2005,Mauritania,50.15,MRT
2005,Mauritius,8.2,MUS
2005,Mexico,10.21,MEX
2005,Mongolia,4.54,MNG
2005,Morocco,55.39,MAR
2005,Mozambique,76.77,MOZ
2005,Myanmar,26.42,MMR
2005,Namibia,22.07,NAM
2005,Nepal,58.79,NPL
2005,Netherlands,3.73,NLD
2005,New Zealand,0.11,NZL
2005,Nicaragua,27.38,NIC
2005,Niger,80.2,NER
2005,Norway,2.7,NOR
2005,Pakistan,51.03,PAK
2005,Panama,8.1,PAN
2005,Papua New Guinea,46.81,PNG
2005,Paraguay,5.44,PRY
2005,Peru,9.72,PER
2005,Philippines,4.88,PHL
2005,Poland,1.2,POL
2005,Portugal,14.78,PRT
2005,Qatar,37.2,QAT
2005,Republic of Korea,6.27,KOR
2005,Republic of Moldova,4.1,ROM
2005,Reunion,10.33,REU
2005,Romania,2.31,ROU
2005,Russian Federation,0.98,RUS
2005,Rwanda,56.41,RWA
2005,Saudi Arabia,22.22,SAU
2005,Senegal,76.13,SEN
2005,Serbia,3.72,SER
2005,Sierra Leone,68.17,SLE
2005,Singapore,10.06,SGP
2005,Slovakia,1.12,SVK
2005,Slovenia,0.65,SVN
2005,South Africa,13.45,ZAF
2005,Spain,2.52,ESP
2005,Sri Lanka,7.79,LKA
2005,Sudan,58.82,SDN
2005,Swaziland,55.66,SWZ
2005,Sweden,1.66,SWE
2005,Switzerland,10.29,CHE
2005,Syrian Arab Republic,19.38,SYR
2005,Taiwan,3.87,TWN
2005,Tajikistan,0.53,TJK
2005,Thailand,6.15,THA
2005,Togo,49.87,TGO
2005,Tonga,1.4,TON
2005,Trinidad and Tobago,1.73,TTO
2005,Tunisia,32.52,TUN
2005,Turkey,14.35,TUR
2005,USA,0.5,USA
2005,Uganda,27.05,UGA
2005,Ukraine,2.31,UKR
2005,United Arab Emirates,11.2,ARE
2005,United Kingdom,1.48,GBR
2005,United Republic of Tanzania,30.72,TZA
2005,Uruguay,1.92,URY
2005,Venezuela,10.3,VEN
2005,Viet Nam,7.5,VNM
2005,Yemen,76.87,YEM
2005,Zambia,21.09,ZMB
2005,Zimbabwe,9.7,ZWE
2010,Afghanistan,66.02,AFG
2010,Albania,3.86,ALB
2010,Algeria,26.99,DZA
2010,Argentina,1.12,ARG
2010,Armenia,0.41,ARM
2010,Australia,0.78,AUS
2010,Austria,1.48,AUT
2010,Bahrain,31.7,BHR
2010,Bangladesh,41.99,BGD
2010,Barbados,0.02,BRB
2010,Belgium,5.0,BEL
2010,Belize,0.1,BLZ
2010,Benin,64.09,BEN
2010,Bolivia,13.53,BOL
2010,Botswana,15.73,BWA
2010,Brazil,12.37,BRA
2010,Brunei Darussalam,20.61,BRN
2010,Bulgaria,2.26,BGR
2010,Burundi,57.28,BDI
2010,Cambodia,28.33,KHM
2010,Cameroon,18.24,CMR
2010,Canada,0.58,CAN
2010,Central African Republic,53.27,CAF
2010,Chile,2.95,CHL
2010,China,6.59,CHN
2010,"China, Hong Kong Special Administrative Region",6.28,HKG
2010,"China, Macao Special Administrative Region",3.75,MAC
2010,Colombia,7.93,COL
2010,Congo,32.1,COG
2010,Costa Rica,5.48,CRI
2010,Cote dIvoire,46.95,CIV
2010,Croatia,1.93,HRV
2010,Cuba,9.17,CUB
2010,Cyprus,0.86,CYP
2010,Czech Republic,0.14,CZE
2010,Democratic Republic of the Congo,44.18,COD
2010,Denmark,2.89,DNK
2010,Dominican Rep.,10.8,DOM
2010,Ecuador,10.63,ECU
2010,Egypt,37.39,EGY
2010,El Salvador,4.22,SLV
2010,Estonia,0.18,EST
2010,Fiji,3.02,FJI
2010,Finland,0.37,FIN
2010,France,1.55,FRA
2010,Gabon,19.19,GAB
2010,Gambia,72.7,GMB
2010,Germany,1.84,DEU
2010,Ghana,35.33,GHA
2010,Greece,2.79,GRC
2010,Guatemala,31.24,GTM
2010,Guyana,5.29,GUY
2010,Haiti,35.12,HTI
2010,Honduras,18.72,HND
2010,Hungary,0.28,HUN
2010,Iceland,1.53,ISL
2010,India,42.29,IND
2010,Indonesia,9.47,IDN
2010,Iran (Islamic Republic of),16.82,IRN
2010,Iraq,28.09,IRQ
2010,Ireland,0.84,IRL
2010,Israel,3.05,ISR
2010,Italy,6.3,ITA
2010,Jamaica,5.21,JAM
2010,Japan,0.12,JPN
2010,Jordan,10.12,JOR
2010,Kazakhstan,0.04,KAZ
2010,Kenya,26.48,KEN
2010,Kuwait,7.13,KWT
2010,Kyrgyzstan,1.0,KGZ
2010,Lao People's Democratic Republic,34.59,LAO
2010,Latvia,0.22,LVA
2010,Lesotho,15.69,LSO
2010,Liberia,55.8,LBR
2010,Libyan Arab Jamahiriya,26.78,LBY
2010,Lithuania,0.0,LTU
2010,Luxembourg,4.87,LUX
2010,Malawi,29.61,MWI
2010,Malaysia,8.78,MYS
2010,Maldives,29.47,MDV
2010,Mali,81.37,MLI
2010,Malta,1.92,MLT
2010,Mauritania,44.58,MRT
2010,Mauritius,6.63,MUS
2010,Mexico,9.34,MEX
2010,Mongolia,4.46,MNG
2010,Morocco,50.89,MAR
2010,Mozambique,74.6,MOZ
2010,Myanmar,21.72,MMR
2010,Namibia,20.92,NAM
2010,Nepal,50.58,NPL
2010,Netherlands,0.0,NLD
2010,New Zealand,0.14,NZL
2010,Nicaragua,23.14,NIC
2010,Niger,78.16,NER
2010,Norway,5.85,NOR
2010,Pakistan,52.47,PAK
2010,Panama,8.14,PAN
2010,Papua New Guinea,40.83,PNG
2010,Paraguay,4.49,PRY
2010,Peru,6.84,PER
2010,Philippines,3.37,PHL
2010,Poland,0.29,POL
2010,Portugal,11.76,PRT
2010,Qatar,3.9,QAT
2010,Republic of Korea,4.1,KOR
2010,Republic of Moldova,1.11,ROM
2010,Reunion,8.24,REU
2010,Romania,1.84,ROU
2010,Russian Federation,0.9,RUS
2010,Rwanda,53.2,RWA
2010,Saudi Arabia,18.07,SAU
2010,Senegal,65.26,SEN
2010,Serbia,3.25,SER
2010,Sierra Leone,65.14,SLE
2010,Singapore,16.39,SGP
2010,Slovakia,0.26,SVK
2010,Slovenia,0.48,SVN
2010,South Africa,7.82,ZAF
2010,Spain,2.49,ESP
2010,Sri Lanka,5.4,LKA
2010,Sudan,55.73,SDN
2010,Swaziland,44.82,SWZ
2010,Sweden,1.73,SWE
2010,Switzerland,1.44,CHE
2010,Syrian Arab Republic,20.87,SYR
2010,Taiwan,2.83,TWN
2010,Tajikistan,0.37,TJK
2010,Thailand,3.66,THA
2010,Togo,49.84,TGO
2010,Tonga,0.81,TON
2010,Trinidad and Tobago,1.32,TTO
2010,Tunisia,26.83,TUN
2010,Turkey,11.3,TUR
2010,USA,0.39,USA
2010,Uganda,20.7,UGA
2010,Ukraine,1.49,UKR
2010,United Arab Emirates,10.2,ARE
2010,United Kingdom,0.16,GBR
2010,United Republic of Tanzania,26.09,TZA
2010,Uruguay,1.62,URY
2010,Venezuela,6.62,VEN
2010,Viet Nam,8.16,VNM
2010,Yemen,69.25,YEM
2010,Zambia,18.42,ZMB
2010,Zimbabwe,8.51,ZWE
